,CIA,ClimateEnvoy,CommerceGov,DeptofDefense,DeptVetAffairs,DHSgov,ENERGY,EPA,HHSGov,HUDgov,Interior,OMBPress45,op.ed,POTUS,SBAgov,SecBlinken,SecCardona,SecDef,SecFudge,SecGranholm,SecMayorkas,SecRaimondo,SecretaryPete,SecVilsack,SecYellen,StateDept,TheJusticeDept,USAmbUN,USDA,USDOL,usedgov,USTradeRep45,USTreasury,VP,WHCOS
1,-0.182171312,-0.735380328,0.53173434,0.077636436,0.293973427,-0.012925068,0.426327075,0.138258615,0.859461574,0.356010289,0.333611237,0.493124044,-1.908419054,-0.909243444,0.503017101,-0.918116042,-0.175750647,-0.081093354,-0.682430652,-0.146385005,-0.578509597,-0.430616653,-0.516410366,-0.33109605,-1.001251409,0.048588861,0.333930052,-0.533495558,0.390347993,0.31496587,0.335880323,0.356724965,-0.158881337,-0.786237333,-0.352912894
2,-0.405817666,-0.691143569,0.369539128,0.386988897,0.436934644,-0.002470271,0.305307947,0.068029549,0.37874215,0.264324049,0.28362494,0.314678247,-2.181327526,-0.86553865,0.22840643,-0.869302407,-0.062655244,0.172625873,-0.597471315,0.010009409,-0.500810058,-0.370609922,-0.373410266,-0.199504637,-1.025769298,0.160598459,0.391081499,-0.407571683,0.269767505,0.328194514,0.221556692,0.262193538,-0.051570945,-0.718152746,-0.185011826
3,0.765003554,-0.175737643,0.2110947,-0.10239078,-0.062549949,0.18805841,0.172253334,0.495024826,0.836735976,0.173640912,0.318646545,-0.313434633,-0.759466457,-0.750127687,0.468822539,-0.452393271,0.003738529,0.043420019,-0.125460871,-0.133002349,-0.225974803,-0.273050391,-0.53918363,-0.487888806,-0.701844565,-0.254427314,-0.23446663,-0.396197903,0.327503685,-0.039606026,0.517911182,-0.383912529,-0.154239583,-0.608945845,-0.633554136
4,0.764938807,-0.1743053,0.208408448,-0.102447785,-0.061309993,0.18386636,0.172269933,0.497998092,0.83695471,0.174690499,0.32054826,-0.312441308,-0.759895216,-0.750804083,0.47141663,-0.452072464,0.002979244,0.04386819,-0.126361814,-0.13261787,-0.228403499,-0.27663342,-0.538910061,-0.488261595,-0.702089608,-0.254272026,-0.233570047,-0.395839217,0.326398214,-0.038837707,0.518012147,-0.384286132,-0.153767438,-0.608894699,-0.635186196
5,-0.393022171,0.33963126,0.535626571,0.657341108,-0.557997127,0.350257732,0.507887224,-0.221658546,-0.27612022,-0.039631025,0.201157011,-0.025091806,-0.76192571,-0.687344853,-0.094896636,0.214011358,-0.125214727,0.502171122,0.139534777,0.445348893,0.372784084,0.080465606,-0.000938732,-0.16559977,-0.194108942,0.276660969,-0.482083546,0.242861091,-0.11845526,-0.086670644,-0.092897219,-0.330349461,0.106169737,-0.434329716,-0.190347234
6,-0.39420596,0.342335703,0.53356969,0.660762063,-0.55787854,0.344361692,0.507152168,-0.220960536,-0.275527893,-0.039992353,0.202396401,-0.023438044,-0.762394594,-0.687868152,-0.094491118,0.214793886,-0.12412131,0.504992383,0.139476792,0.444956147,0.369389479,0.080165299,-0.000316287,-0.167038537,-0.192942079,0.277428137,-0.483037848,0.244567008,-0.118066804,-0.087897423,-0.092219484,-0.330683755,0.107932451,-0.434123381,-0.19110459
7,-0.244519025,0.339764495,0.154985205,-0.29826932,-0.21096864,0.040565092,0.141485771,0.170237975,0.241728571,-0.528278357,-0.023204366,-0.439695267,-0.024042684,0.020517337,0.186547709,0.5141284,0.031702395,0.189944786,0.129750178,0.012554911,0.141476542,0.382411649,-0.156017864,0.249418973,0.486898752,0.294387801,-0.426810471,0.378416748,0.031892478,-0.134671731,0.140032294,-0.658214944,-0.527742048,0.204347719,-0.239625235
8,0.136486911,-0.004283653,0.181440906,-0.176699158,-0.056895708,0.017276646,0.19203897,0.194685637,0.30259107,-0.615980643,0.03006796,0.000227138,-0.460620767,-0.194454652,0.41792841,0.046012326,-0.118960335,0.08937747,-0.066290281,-0.045367826,-0.143183849,0.075710199,-0.323428233,-0.126942085,-0.018231383,0.066767068,-0.055578816,-0.015702055,0.138013827,0.016721188,0.218395076,-0.224516841,-0.178564134,-0.091343465,-0.198636249
9,0.001431191,-0.096918452,0.049470673,-0.011095669,-0.014574882,0.007022903,-0.111516209,0.066353348,0.136434893,-0.117799524,-0.001282684,-0.156958006,0.196564712,0.109459897,-0.086761047,0.205669088,-0.095540578,0.255184486,0.271176022,-0.069046423,0.146984109,0.118225513,-0.009477526,0.275033626,0.336357143,0.284311077,-0.54835717,0.284632058,-0.027735567,-0.131684865,0.058621723,-0.374408385,-0.372628802,0.123107283,-0.025162532
10,0.335658581,-0.033837186,0.085910911,-0.054292218,-0.056773094,-0.072842557,0.047434541,0.279422109,0.319821571,0.103889497,-0.123009487,0.375673451,-0.464286146,-0.160212384,0.080784396,-0.258321331,-0.271008964,0.059401034,-0.150553911,-0.138161385,-0.347270398,-0.114673144,-0.348093797,-0.235773716,-0.232663436,-0.048567378,0.104589381,-0.329592264,0.267503766,0.269834166,0.177928512,-0.228789609,-0.12644588,-0.19058641,-0.02501847
11,-0.121696449,-0.1556622,0.046479398,-0.196557149,-0.224686882,-0.10476573,0.405403936,0.41023024,-0.04970078,-0.019351117,0.378221176,0.084764508,-0.355005472,-0.318536942,0.642729128,-0.259501547,0.138183067,-0.217321447,-0.059833922,0.315741921,-0.232141738,-0.162114306,-0.093280683,-0.210661597,-0.341092143,-0.107371475,-0.295343419,-0.236170028,0.239324033,-0.115219424,0.594725121,-0.19503525,-0.184631184,-0.24841779,-0.143219096
12,0.414112003,-0.31461844,0.574617401,-0.014021268,-0.139664192,0.364471368,0.350150423,-0.225848961,0.265866124,-0.058956887,0.205041041,0.524389377,-1.234291273,-0.492433086,0.828157921,-0.450561892,-0.328676152,-0.10914238,0.111169349,0.194944477,-0.037296434,0.347883148,-0.195597268,-0.409605611,-0.166636798,-0.380717741,-0.132474511,-0.132541086,0.055547567,-0.038475133,0.098056765,-0.372915777,-0.188196921,-0.539380815,-0.130428139
13,-0.327517014,0.383292045,0.142506239,-0.309863318,-0.209889702,0.039416932,0.128361248,0.162842641,0.214575265,-0.528847673,-0.008253051,-0.524194213,0.066087976,0.073118496,0.133688325,0.547283589,0.07601666,0.184105468,0.166277056,0.026496199,0.193126456,0.408237062,-0.086891155,0.299480327,0.536628734,0.307630406,-0.472000974,0.417927195,-0.006540537,-0.124632293,0.107185568,-0.706229109,-0.518252428,0.246198145,-0.238592212
14,-0.707082603,0.457890633,-0.041925044,-0.23445309,-0.113539003,0.002129241,-0.008609646,0.000883242,-0.113096922,-0.130247289,0.081362708,-0.797042409,0.640212327,0.375714665,-0.320508817,0.460202434,0.320587973,0.022841818,0.308751284,0.12820447,0.429975992,0.34685162,0.42958738,0.470156757,0.573439002,0.219761336,-0.514907992,0.44571453,-0.222785277,0.001741579,-0.173466192,-0.65731533,-0.18624682,0.385342206,-0.023019567
15,-0.270453986,0.47394328,-0.097643788,0.268634525,-0.134915131,0.05369172,-0.081876485,-0.159015191,0.109510002,-0.19146665,-0.304372181,0.103257161,0.277608339,0.450672126,-0.416473193,0.692776812,0.097087336,0.551066296,0.132063204,0.043549328,0.223294962,0.435272421,0.082652485,0.184850522,0.496799496,0.568378231,-0.814167883,0.49875606,-0.311369277,-0.496377644,-0.3345753,-0.260204715,-0.420591518,0.583521363,0.095295315
16,-0.267226207,0.398484477,0.062776355,-0.337518523,-0.268597706,0.009957628,0.171494034,0.112137555,0.236499619,-0.449884828,0.012190379,-0.533961158,0.167290413,0.203957077,0.134982134,0.529104913,0.081467091,0.213975749,0.144835579,0.099108512,0.186964694,0.37543913,-0.091163039,0.292436343,0.617321964,0.307291632,-0.649093504,0.470325435,0.00841205,-0.190484722,0.10643744,-0.809322907,-0.611432392,0.32446977,-0.15711948
17,-0.26279449,0.368102614,0.068361937,-0.32788939,-0.239879267,-0.002199893,0.195911168,0.130343911,0.250555193,-0.459363224,0.036399571,-0.525075876,0.107197304,0.171718175,0.167389639,0.479786116,0.082825542,0.191325993,0.13377404,0.097846571,0.148772354,0.351206581,-0.08397597,0.268242647,0.591629723,0.273698201,-0.626158383,0.413208101,0.008648606,-0.173488153,0.119174966,-0.796798749,-0.588068611,0.307278383,-0.163898698
18,0.399231193,-0.307522783,0.157855222,0.170506026,0.191552769,-0.02379759,0.003902212,0.140597435,0.354183802,-0.050077402,-0.012961344,0.151710113,-1.079160416,-0.372515449,0.296179807,0.160267441,-0.439099455,0.178412357,-0.090988222,-0.346297265,-0.403897873,-0.197804876,-0.729775117,-0.366646049,-0.489838844,0.082824537,0.682514301,-0.045862041,0.094004063,-0.364048875,0.173875926,0.399778017,-0.246652622,-0.20825208,-0.32214127
19,-0.190050434,-0.159357862,0.034185375,-0.226667243,-0.299790666,0.277885294,0.595336597,0.035717035,-0.085111454,-0.131508116,-0.053169904,0.358534804,0.060468563,-0.078958061,1.28963686,-0.361669592,-0.26556811,-0.073910842,-0.266065721,0.468612189,-0.065924535,0.023874848,-0.12898658,-0.254217298,-0.227349878,-0.139333003,-0.408194059,-0.182913823,0.138854194,-0.022850688,0.300956721,-0.35283088,-0.151290496,-0.135238163,-0.086736631
20,0.604090243,-0.336790302,0.302237329,-0.352383215,-0.360445624,0.049711974,0.453835406,0.222211875,0.440664478,0.000296005,0.090043046,0.196887264,-0.358866411,-0.430658087,0.737722003,-0.584391694,0.076557769,-0.125822789,-0.142556631,0.142444206,-0.57147937,0.131909912,-0.445232476,-0.502829367,0.08248978,-0.288045843,-0.657559833,-0.429506203,0.180172226,0.199413736,0.621627355,-0.366969789,0.148555814,-0.507176046,-0.065678165
21,0.513175389,-0.407295279,-0.025274152,0.412129481,0.194226553,-0.053181519,-0.107968106,-0.06924613,-0.004722415,0.739158122,-0.059696573,0.512065608,-0.542830732,-0.309710865,3.81E-05,-0.303058767,-0.294958913,-0.056275752,-0.127879,-0.224156322,-0.332240602,-0.369044741,-0.360892214,-0.360057596,-0.535679741,-0.204140109,0.819345158,-0.321519729,0.015062831,-0.167920542,-0.02492994,0.83262206,0.128835897,-0.310970474,-0.072025729
22,-0.038941397,-0.028127521,0.336840554,-0.007559115,0.069471546,0.10313981,-0.021742349,0.245428342,0.117438502,-0.4061415,-0.113567928,0.087554402,-0.577441267,-0.537001539,0.229963497,0.179787163,-0.136774395,0.01070757,0.018347323,-0.251417322,-0.077210181,0.186143271,-0.26540713,-0.019928776,-0.174054137,0.087116375,0.468172727,-0.107682218,0.081740636,0.099053259,0.159465859,0.160668704,0.007830197,-0.269660593,-0.35145255
23,-0.266191601,0.267704395,0.125038058,-0.120834528,-0.180717044,-0.196378527,0.261250208,0.159952199,-0.076575118,0.027282073,0.256022807,-0.199137702,-0.622444378,-0.00125792,0.027717419,0.380092328,0.366212656,0.134786675,0.176519632,0.394891889,0.138247942,0.372253827,0.238345279,0.31156812,0.12458238,-0.007124434,-1.102378742,-0.12541091,0.064119258,-0.181894886,0.298963755,-0.041578105,-0.22472237,-0.201895297,-0.135638354
24,-0.231052812,0.20007011,0.057749834,-0.131587716,-0.183330835,-0.112566919,0.253462613,0.125804809,-0.208616148,0.007658159,0.165602906,-0.148890471,-0.623858131,0.036333496,-0.124947969,0.334142072,0.38711985,0.130183073,0.247830694,0.425907025,0.258105407,0.338294954,0.242643819,0.267472122,0.135588139,-0.056404358,-0.900634922,-0.081300542,0.031296539,-0.114836414,0.249407613,-0.029301641,-0.203091895,-0.119057915,-0.067312422
25,-0.314946929,0.347388049,0.143614342,-0.241893305,-0.247466372,-0.114092353,0.23134371,0.165164047,-0.051953881,-0.020776911,0.183583891,-0.309881812,-0.703258725,-0.048870684,0.133155552,0.505346472,0.271187306,0.057945013,0.270888548,0.284122507,0.242646782,0.416425534,0.153688054,0.398635932,0.05754724,0.069297488,-0.895419049,0.152414831,0.078721724,-0.135986448,0.331389558,-0.226060999,-0.340777677,-0.19597123,-0.265318352
26,-0.291307488,0.259514733,0.078084468,-0.174669952,-0.308113362,-0.139992026,0.357548957,0.117872445,-0.103358097,-0.064636812,0.210210993,-0.225407907,-0.640752343,-0.033890839,-0.035591681,0.48111064,0.380469594,0.137901853,0.105367505,0.495362037,0.238913388,0.383073856,0.197153576,0.287005183,0.117454953,0.043148322,-0.861177149,0.022849648,0.025708253,-0.224306097,0.313942527,-0.070851828,-0.276884929,-0.146059659,-0.186656688
27,0.081933192,0.080190492,-0.01924629,0.041961145,-0.094738288,-0.007957097,-0.097137932,0.08513867,-0.095569665,-0.041411641,0.06282398,0.125198692,0.333423622,0.138779543,-0.335371254,0.065595393,-0.156094759,0.024708777,0.128770586,0.063538748,-0.116484759,0.147395315,0.144584002,-0.063951148,-0.002547638,0.056042191,0.13380443,0.066966256,-0.072821805,-0.133061407,-0.233264798,-0.13408337,0.061774341,0.202723693,0.085538962
28,-0.31140175,0.390115516,-0.205527128,-0.218718173,-0.261053071,-0.158130452,-0.100949845,-0.210540941,-0.150124346,-0.015699945,-0.178217354,-0.210926122,0.079958212,0.928187566,-0.27965506,0.431095284,0.292118284,0.345735261,0.545107689,0.126908351,0.364841668,0.227395636,0.146742742,0.335069914,0.761231186,0.005372193,-0.477814002,0.430380031,-0.214859112,-0.384039103,-0.152411471,-0.399540529,-0.26237402,0.688991082,0.140459903
29,-0.233670411,0.43560103,-0.210754145,-0.341374551,-0.551243489,0.081653103,0.212348978,0.055059131,-0.333383691,-0.1484474,-0.173970685,-0.397956278,-0.03338032,0.404067772,-0.349695775,0.710621582,0.29106142,0.254763689,0.000909656,0.369431061,0.539678922,0.505941015,0.247233122,0.23390021,0.54624758,0.340474664,-0.608629318,0.385634384,-0.041034759,-0.089969365,-0.084396273,-0.399653556,-0.313406957,0.473599529,-0.235339241
30,-0.166864427,-0.115777743,-0.085243257,-0.332524247,0.069785835,0.145108855,0.070442519,0.140658406,0.809965958,0.048920061,0.092560412,-0.331319337,-0.28975533,-0.119067966,0.505260249,-0.258496434,0.099286635,-0.217784836,-0.160980527,-0.108178479,-0.031002361,-0.150867547,-0.103771675,-0.127822831,-0.331684804,-0.259544154,-0.166553092,-0.175248446,0.082701846,0.205825586,0.408595026,-0.396453094,-0.27095478,-0.042246114,-0.218005119
31,0.305592997,0.032886744,-0.075678855,-0.032099117,0.034879235,-0.066740159,-0.008526208,-0.139011494,-0.082532164,-0.086660124,-0.103010809,-0.06177361,1.644926916,0.273493319,-0.238998576,0.120059951,0.003736063,0.138073353,0.050827974,0.034977146,-0.000547483,0.113490833,0.076734089,0.069290542,0.270819951,0.142722956,-0.280681975,0.19149984,-0.133739449,-0.223049358,-0.126766088,-0.201324617,-0.153402956,0.278661983,0.235953851
32,-0.183672668,-0.070158903,-0.057643147,-0.13207183,-0.105929812,-0.014444692,-0.076857738,-0.061317971,0.06957956,-0.017818059,-0.057111298,-0.177047838,0.66305235,0.330909536,-0.145867038,0.057271372,0.302355398,0.090161928,0.141317208,-0.039215608,0.279072213,0.178784119,0.076421113,0.22223106,0.512856596,0.043776841,-0.401654005,0.195759881,-0.129960548,-0.101844843,0.112494747,-0.328679575,-0.224606663,0.417283,0.021843702
33,-0.039058679,0.240515249,-0.063089223,-0.299679712,0.040814642,0.037934579,-0.018662353,-0.027367524,0.147933477,-0.037880453,0.006974657,-0.259682064,0.779252217,0.146798715,-0.121195593,0.033281604,0.287926021,0.012393519,0.014298282,0.083912315,0.192077112,0.286172044,0.137722408,0.162595863,0.45038919,0.091626789,-0.574264934,0.170498257,0.058231491,-0.216502533,-0.040721715,-0.490989779,-0.33112123,0.383103701,0.157098462
34,-0.234731258,0.333193402,0.113593065,-0.109501218,-0.370004918,0.030162964,0.160878528,0.088407257,0.179648375,-0.197161819,0.018774683,-0.493295,0.095124763,0.058933054,-0.017077532,0.476425333,-0.010465069,0.188216133,0.214976759,0.065117494,0.11507311,0.142537146,-0.0512438,0.075232458,0.432379222,0.24830583,-0.322405417,0.447474791,-0.095363952,-0.095452605,0.064757446,-0.621211371,-0.468301708,0.168079613,-0.146462409
35,0.067453389,-0.060038601,0.074419874,-0.032632064,-0.03516828,-0.024905884,0.037072189,0.136031742,0.061499548,0.11457893,0.376931997,-0.118072992,-0.184011475,-0.084305418,-0.074492674,-0.154793525,0.041878883,-0.095018161,-0.090046892,-0.015060288,-0.085994516,-0.151344355,-0.103178185,-0.074619297,-0.064630926,-0.115416152,0.057718165,-0.092665265,0.057680041,0.043070577,0.087852027,-0.132926318,-0.102754038,-0.119124979,-0.011256907
36,0.032263166,-0.026664548,-0.034907562,-0.178889475,-0.103966283,-0.051390426,0.078301713,-0.007227272,-0.07701035,-0.0008657,-0.063808777,-0.0279943,-0.053254166,0.073779988,0.102523223,-0.147186957,0.038837244,-0.172156641,0.056884026,0.18336334,-0.103000969,-0.004788845,0.034135291,0.063136977,0.039052526,-0.151907068,0.314905787,-0.108536641,0.006423303,-0.025598554,0.057448951,-0.034343549,0.119632476,0.015510564,0.02929545
37,-0.119960087,0.395598509,0.101424218,-0.152129136,-0.145607392,-0.096867375,0.545248307,-0.034730452,-0.004117918,0.00297679,-0.079468729,-0.160183867,-0.188959477,0.023194281,-0.039353706,-0.19312231,-0.008109285,-0.19921535,0.104105652,0.719513871,-0.15741287,0.292720217,0.277199766,0.063278276,0.094586933,-0.115301554,-0.208349076,-0.149102163,-0.021764188,-0.049313752,0.003308083,-0.098128781,-0.073453597,0.011091915,-0.037500056
38,-0.01877857,-0.017688556,0.061800185,-0.136189318,-0.123073628,-0.084052195,0.107324143,-0.003471525,-0.067126775,-0.093440878,-0.012731169,-0.146018793,0.037593334,0.235722899,-0.150085558,-0.156467835,0.058551597,-0.070648736,0.019072839,0.281416101,-0.022436431,0.217855637,0.207191104,0.263550794,-0.000100384,-0.13846337,-0.209013026,-0.124867568,0.199893064,-0.010212615,0.005701037,-0.025634677,-0.077026807,0.144885526,0.072601253
39,0.075457805,-0.074460422,0.049788134,0.244413914,-0.07820044,-0.003341086,-0.052007337,-0.020785812,-0.046979047,-0.038094869,0.149644921,0.104340371,-0.102228428,-0.056518297,-0.085996752,-0.113426765,0.019581447,0.085108092,-0.017941892,-0.07198736,-0.089609479,0.098945501,-0.074936947,-0.119763066,-0.006854557,-0.09180151,-0.120223276,-0.070412805,-0.036904717,0.075037586,0.066567187,-0.007135843,0.199051551,-0.002450475,-0.035271268
40,-0.017750043,-0.107845559,0.044453936,-0.016052504,-0.088461204,-0.015660613,0.045366606,0.09357002,0.303423655,-0.030264472,0.020238402,0.051481919,-0.185092415,0.009150219,-0.099588095,-0.096861626,0.088761918,-0.074871228,-0.036720128,-0.015467285,0.047487632,-0.000881394,-0.037435141,-0.029333399,-0.028935985,-0.076444281,-0.093457048,-0.021358848,-0.020920826,-0.014647146,0.107354796,-0.037321815,0.082037253,-0.009056564,-0.065480878
41,0.055017928,0.064055967,-0.061942842,0.02795092,-0.093627057,0.054515175,-0.052231765,-0.065502752,-0.036097723,-0.056838032,-0.017583349,-0.049901485,0.593093142,0.211716849,-0.184922032,0.157029803,-0.120189905,0.149473113,-0.027183743,0.023303728,0.05831483,0.132627838,0.107848125,0.036649135,0.114230771,0.184505716,-0.234773566,0.08347406,-0.061214425,-0.049575612,-0.140307786,-0.150884662,-0.10604531,0.124077546,0.137553443
42,0.133697091,-0.084264422,-0.043545978,0.03518857,0.302426566,0.013686563,-0.109651978,0.001750533,-0.099712634,0.040828938,-0.049895363,-0.111433182,0.051943412,-0.065915737,-0.088246643,-0.02648178,0.044057684,0.063007509,0.020101858,-0.090782199,0.134541893,-0.077820283,-0.112785661,-0.049995071,0.041482637,-0.025498184,0.186457492,-0.032779015,0.018270243,-0.088473549,0.062719841,-0.123151048,-0.056578423,-0.027866565,0.006334276
43,0.065896311,-0.128559874,-0.097033159,-0.027077762,-0.020178957,-0.022279785,-0.045334514,0.002144979,0.399653607,0.050637499,0.095741032,-0.177495486,-0.209346407,0.056447906,0.077355999,-0.16178503,0.083419347,-0.049117703,-0.089708317,-0.116359792,-0.118432438,-0.199828821,-0.066307421,-0.064375799,-0.097219456,-0.081152373,-0.120211394,-0.088749702,0.043886964,0.048730143,0.217312894,-0.151256636,-0.051166992,-0.02523643,-0.003916912
44,-0.003280849,-0.030787384,0.033455073,-0.052876561,-0.008792966,-0.04992876,0.162537487,0.042737631,0.017604535,-0.061147759,0.029078308,-0.092773895,-0.167770678,-0.001240944,0.007778967,-0.184781246,0.096150926,-0.088868889,-0.064371778,0.132215685,-0.053074133,0.072774611,0.111915735,0.112644022,0.072842545,-0.181982754,-0.086372409,-0.154736973,0.16253119,0.057770578,0.051014148,0.015923506,-0.008416422,-0.076977091,0.006673843
45,0.146131059,-0.068275503,0.036603446,0.321635485,0.053758413,0.117746773,-0.052841753,0.028478064,-0.01205099,-0.017083417,0.016925729,-0.086273553,-0.41752185,-0.137465708,0.000469076,-0.031490596,-0.052016326,0.303657815,-0.118090914,-0.113188555,0.001692026,-0.096697952,-0.091222411,-0.049627923,-0.130781668,-0.131586856,-0.019971034,-0.13734433,0.059025327,-1.73E-05,-0.03241604,-0.021110573,-0.039317894,-0.104604477,-0.044694686
46,0.01904252,-0.109556751,-0.026895136,-0.075665187,-0.067002373,-0.001686724,0.099541797,0.125336442,0.220561736,0.107571255,0.048610541,0.499246083,0.352214224,-0.070542477,0.02055057,-0.209025362,0.107591447,-0.098029338,0.089584913,0.142530679,-0.072581115,-0.115436882,-0.054422125,-0.05502363,-0.085823009,-0.176975781,-0.12221928,-0.215269067,0.026280541,0.093257411,0.087321055,-0.089907621,-0.077855189,0.037033061,0.024941836
47,-0.070791508,0.19353088,-0.069947528,0.148403809,-0.11076985,0.051532286,-0.130666537,0.02669604,-0.1978957,-0.164945265,-0.122065767,0.094577268,0.414876783,0.022937365,-0.11366673,0.665725303,-0.138260853,0.246755924,-0.148594093,-0.120086795,0.063537384,-0.043604209,-0.067450067,-0.088855852,0.008220034,0.544863517,-0.062852227,0.681940647,-0.119020426,-0.190333955,-0.165051021,-0.087203586,-0.002087713,-0.055878916,-0.052769418
48,-0.01656432,0.114281134,0.03645695,-0.044000346,-0.09327313,0.075040739,-0.035790798,0.052502637,0.100711038,-0.019785282,-0.005318894,-0.156426891,-0.1710907,-0.050985666,0.158117596,-0.02910889,-0.00263309,-0.040806104,-0.012851684,-0.04460315,0.082047348,0.139949264,-0.04501203,-0.003557465,0.076552796,-0.059252808,-0.084148027,-0.021126989,0.052340234,-0.007410873,0.028703809,0.109969918,-0.061037816,0.035560251,-0.061502722
49,0.22791895,0.073072316,0.010603401,-0.045239524,0.022121146,-0.020745634,0.103278852,0.050713733,-0.058499468,-0.031191744,0.066336225,-0.050879448,-0.230837124,-0.02466965,-0.110614943,-0.125654184,0.103284254,-0.117445925,-0.027141642,0.112573955,-0.032511754,-0.007961933,0.035328656,-0.002314514,0.025222284,-0.099716099,-0.117382078,-0.053324387,-0.026859826,-0.045325923,0.040718798,-0.112590637,0.201643271,-0.064312399,0.010858648
50,-0.02114351,-0.06639428,-0.005042085,-0.038430419,0.058901848,0.03551509,0.121141102,-0.015495714,0.066087962,-0.000616451,0.057010987,-0.07484368,-0.192570268,0.01562927,0.140555871,-0.134643322,0.100124702,-0.082340191,-0.001343423,0.050363705,0.062780949,-0.073561377,0.021293844,-0.026772043,0.092996914,-0.122350846,-0.213356351,-0.055387784,0.001187636,0.090585502,0.06580369,-0.08904234,-0.079490865,-0.006372399,-0.011989838
51,0.00471538,-0.157775702,0.04969804,-0.033677737,0.303641382,-0.030964946,-0.047629814,0.015797141,0.205352438,-0.024856877,-0.104747274,-0.17718442,-0.384521977,-0.092516997,0.136178358,-0.073362885,-0.080113749,-0.094146611,-0.109795149,-0.122234441,-0.046977156,-0.071944918,-0.099590889,0.033823438,-0.009738858,0.058975482,-0.052541071,-0.018919731,0.076271851,0.076748425,0.02458214,-0.128359179,-0.02468837,-0.078525765,0.040493624
52,-0.028936289,0.288990595,0.017133489,0.035379984,-0.140281309,0.053875044,0.047147324,-0.096283269,0.079272391,-0.008429599,-0.094613894,-0.008301858,0.232058425,-0.063164675,-0.053470986,0.187883194,0.070013146,0.080435006,-0.097738259,0.018138183,-0.015581589,0.090051813,-0.002161539,0.008092815,0.088162845,0.052757291,-0.116359659,0.023942648,-0.067333337,0.063551729,0.051852345,0.109928388,0.007551714,-0.060163959,-0.069949759
53,-0.018994894,-0.012533389,-0.010262306,0.111222003,-0.013047362,-0.059339004,0.209597045,0.05215364,-0.036262785,0.040708944,0.127274371,-0.006453697,-0.061200987,-0.078425569,0.205579537,-0.082089424,-0.10395482,0.021739043,-0.054289052,0.129394892,-0.088940911,-0.146833585,-0.01227129,-0.070145747,-0.124951772,-0.020666604,-0.15011526,-0.072726672,0.019410831,0.093904764,-0.095255622,0.000739828,-0.058418243,-0.089404389,0.003915124
54,0.1376396,0.057183991,0.034687138,0.10439737,-0.058373691,0.016868741,-0.077028818,-0.131391571,-0.159119223,-0.066233069,-0.000967343,0.025268611,0.531097257,0.141484482,-0.108934166,0.256475612,-0.107462858,0.127405877,0.009282716,-0.049168134,0.07196166,-0.019893234,-0.027024159,-0.033926085,-0.024755225,0.067221703,-0.058282348,0.073081855,-0.011528952,-0.123629023,-0.088572735,0.281591542,-0.004990285,0.023041668,0.050160279
55,0.020938852,-0.037454662,0.116318693,0.026612494,-0.046210133,-0.047095051,0.082340476,0.220127849,-0.08487655,0.057983908,0.163809777,0.103065918,-0.17558387,-0.090318927,0.227335774,-0.115104778,-0.116277821,-0.005480536,0.050858875,0.007217281,-0.019815797,-0.052950097,-0.04121329,-0.036806632,-0.061595064,-0.107346225,-0.096499895,-0.100207668,0.005439036,-0.021558301,0.00416608,0.086242681,0.025640205,-0.093166007,-0.093730326
56,-0.015665799,0.104061845,-0.050834184,-0.1122628,-0.167861288,-0.065658351,-0.050993678,0.015403419,-0.103416684,0.207153792,-0.050373312,-0.124624604,0.374062671,0.192874918,-0.174407369,0.230397939,-0.033481961,0.074875646,0.098108596,-0.024441693,0.144257949,-0.006324858,0.064767676,0.041511043,0.1750752,0.045905317,-0.149615041,0.224446889,-0.083891615,-0.055564904,-0.052652723,0.020249808,0.030981752,0.125932518,0.018226083
57,0.2405635,0.084359822,0.024625369,0.089150349,0.004544023,-0.057433523,0.080337932,-0.011612988,-0.01540481,-0.016933511,-6.19E-05,-0.167797326,0.084129177,-0.045752224,-0.107991197,-0.096464276,-0.071882295,0.031289411,-0.06275006,0.038229038,-0.069969925,0.213160251,0.034059832,0.077877509,0.061160276,-0.032185683,-0.104126501,-0.052168496,0.043567197,-0.100932591,-0.071132369,-0.0270772,0.035895807,-0.031469324,0.077431098
58,-0.059532679,-0.305457617,0.087781106,-0.069011015,0.094451047,0.054145392,-0.121418235,0.019944652,0.183616052,0.061251566,0.044479304,-0.207228185,-0.289661632,-0.122940372,0.267515963,-0.203342596,0.120726652,-0.124588709,-0.04532071,-0.172141132,-0.057904841,-0.131546964,-0.116413466,-0.13842516,-0.218358225,-0.127385511,0.271358444,-0.203705551,-0.024282632,0.143417988,0.14593836,-0.051665861,-0.052829952,-0.001951829,-0.04989934
59,0.004744646,0.044274861,0.007517691,0.105672283,-0.029374174,0.037833724,-0.005457411,0.039902634,-0.06740161,-0.079760364,-0.039437848,0.698521738,0.702837202,-0.011870149,0.046881331,-0.042506618,-0.063278265,0.020231928,-0.124797913,-0.082032557,-0.014882508,-0.119545075,-0.034885178,-0.036456334,-0.105032324,0.060990049,-0.113051256,-0.013421454,-0.0412592,0.022284108,-0.082535292,-0.018897781,0.231322734,0.053574164,0.079644701
60,-0.086837834,0.250580961,-0.021546472,-0.108456654,-0.11348366,0.066828722,-0.071981033,0.288030251,-0.088718151,-0.084188202,0.152843348,-0.121085998,0.522681865,0.121627237,-0.189313434,0.057878201,-0.083578858,-0.045126835,0.042685849,0.025853623,0.047625667,0.097759779,0.062553266,0.176060872,0.050727974,-0.001328142,-0.039195379,0.055105094,0.059851188,-0.024091571,-0.160635717,0.041540826,-0.006753907,0.025985034,0.050882552
61,-0.145827667,0.040470867,0.168963604,-0.036872646,-0.148404545,-0.093196701,0.258053596,0.094774589,-0.051150581,-0.100449234,-0.022908478,-0.056178922,-0.16364381,0.073807803,-0.091288287,-0.163776919,-0.080227352,-0.069108906,-0.075322293,0.343864773,-0.126699806,0.293820101,0.549581199,0.158284608,-0.088224714,-0.069635596,-0.06547721,-0.118032429,0.01017414,-0.038936294,-0.084103458,0.023889429,-0.014405034,-0.044498376,0.004636591
62,0.023789223,0.068573721,0.032058042,-0.02668949,-0.016034262,0.109500157,0.038684515,0.054507722,0.015627245,0.120496934,-0.038080793,0.071611317,0.52786474,-0.020969965,-0.02682065,-0.151337825,-0.042991157,-0.060840132,0.061176107,0.023961943,0.004194674,0.08125536,0.042583633,-0.044940274,0.080376472,-0.040608233,-0.106122213,-0.065478966,-0.025605635,0.017956405,-0.073937508,0.301422777,0.053128282,-0.018166702,-0.024589578
63,0.020701835,-0.09202681,-0.089512946,-0.064436557,-0.057965873,0.029500247,-0.076562131,0.427917211,0.150076815,0.046070348,0.031922754,-0.023979859,0.184212067,-0.011288076,-0.037980594,-0.087033895,0.074378321,-0.052358335,-0.037052748,-0.097178736,-0.061203515,-0.049792566,-0.029594042,-0.043568714,-0.053422409,-0.087612022,-0.072491457,-0.065964113,-0.007938665,0.041173782,0.110182997,-0.136306681,-0.079787619,0.082975694,-0.040008212
64,0.162602685,0.008064989,0.012901335,0.051318765,-0.084590011,-0.05562849,-0.032724888,-0.046207766,-0.082511415,-0.029597875,0.169858019,-0.147615578,-0.21425434,0.120369658,-0.199099073,0.075573195,-0.010529151,0.057197393,-0.00854798,-0.004362565,0.009267474,0.046927744,0.063997196,0.018303302,0.023971776,0.036941162,-0.143275857,0.210729031,0.032851694,-0.097769646,-0.043312474,-0.063707424,-0.136429345,0.091287609,0.021953889
65,-0.135524836,0.197881328,-0.025487904,0.115382962,-0.171020839,0.041663064,-0.139545031,-0.168923275,-0.278890629,-0.129923963,-0.096432598,-0.12597692,0.048086412,0.096191069,-0.19184731,0.812089774,-0.185370044,0.408755459,-0.033696595,-0.091825975,0.134277599,0.022114239,-0.074759926,-0.029947193,0.193123405,0.369117636,0.008203847,0.41045655,-0.14200013,-0.233709788,-0.259412212,0.418349991,0.055518299,0.00473178,0.119771445
66,0.016534508,-0.196216052,-0.055061788,-0.042723,0.020073685,-0.023546068,-0.14145411,-0.060709946,0.20345696,-0.011066136,0.016515185,-0.092888408,-0.187386496,-0.035301594,-0.010749057,0.167967915,-0.030901047,-0.030705891,-0.064366222,-0.137813906,-0.122957279,-0.125471185,-0.115554152,-0.068489499,-0.066577116,0.502754824,-0.095821284,-0.001057611,-0.000357438,-0.003081798,0.032577332,-0.186840113,-0.12758307,0.057141999,0.072581525
67,-0.163784244,-0.054238884,0.07179425,-0.175313082,-0.124091757,-0.01493956,-0.000232637,0.158330822,-0.026801408,0.299172248,-0.168675001,-0.122423598,-0.018742949,-0.00522527,0.169217527,-0.167948065,-0.056727452,-0.15515011,0.219519496,0.002937735,-0.062490696,0.074554572,0.097687581,-0.0275898,-0.007060063,-0.049660294,0.083816364,-0.157592597,-0.090565172,0.143877407,-0.031753489,0.373712191,0.029584859,-0.0195079,0.092155378
68,0.357977483,-0.096011524,-0.05847468,0.04426408,0.022908163,-0.012813679,-0.042322971,-0.078481718,-0.068794043,-0.048815951,-0.067188771,-0.197929843,0.469908892,-0.107501207,0.117034305,-0.016459616,-0.053381937,0.002048873,-0.120971944,-0.183885779,-0.031557865,-0.152678967,-0.159291196,-0.11460174,-0.011066177,-0.040950192,0.670134533,0.078139627,-0.101347028,-0.011385763,0.043669991,-0.139691651,-0.013877625,-0.034985356,-0.102497286
69,-0.016867242,-0.155929853,-0.013452489,-0.120891879,-0.023923783,-0.059048355,-0.068639483,0.051639931,0.094969523,-0.091087976,-0.03698249,0.067497608,0.289393789,0.205594111,-0.046285245,-0.174519152,0.359234121,-0.094979075,-0.01564831,-0.094928674,-0.047745111,-0.071623591,0.045767166,-0.00348035,0.09271581,-0.167730807,-0.104609035,-0.080525891,-0.04659452,0.182800552,0.315915456,-0.181950886,-0.073699322,0.06416669,0.11841692
70,-0.0827434,-0.0644315,-0.031424446,-0.205606885,-0.004655614,0.152183593,0.075245556,0.078285431,0.101227092,0.046338607,0.041373589,-0.050316457,-0.225258933,-0.068829574,0.247488935,-0.184938932,0.048782222,-0.160834964,0.041734748,-0.000801625,0.110190321,-0.040775393,0.040077433,0.052350731,-0.077565432,-0.14778314,-0.07610981,-0.159353978,0.089779707,0.199494961,0.111444239,-0.20624518,-0.094858147,-0.020717522,-0.074562458
71,-0.053050308,0.10437681,0.08997781,-0.046824604,-0.082888528,-0.022961824,0.105224891,0.142158989,-0.080199716,-0.019624244,-0.055145602,-0.088792671,0.211580909,0.064827385,-0.045321854,-0.042685633,0.01865939,-0.086705258,0.068341045,0.196471821,-0.046188541,0.158298448,0.101823147,0.043418252,0.086815951,-0.101234411,-0.187314198,0.026415317,0.011961959,-0.034658862,-0.033901331,-0.077727137,0.08108902,-0.014283363,0.047063455
72,-0.064183577,-0.112204774,-0.035479672,0.014265637,-0.064462005,-0.046648528,-0.075140333,-0.084144543,0.140741589,0.000299625,0.086843891,0.148730593,0.132272041,-0.004195558,0.114376629,0.091294385,-0.045606308,0.059991975,-0.090919999,-0.085140559,-0.017063898,-0.103424128,-0.080730449,-0.091687899,0.023049884,0.093749982,-0.000218424,0.043860731,-0.051591091,-0.010933806,-0.021713812,0.068986214,-0.02950208,0.075559099,0.061302558
73,0.102607343,-0.126632556,-0.052976789,0.073135044,0.075713226,-0.012595414,-0.041298512,0.026423994,0.148293534,-0.0517042,-0.00609261,-0.179808391,-0.025050359,-0.058895366,-0.016771358,-0.087244955,0.133075025,0.007569023,-0.076639836,-0.100217832,-0.13257733,-0.041216467,-0.001970506,-0.063145702,-0.082760469,-0.113307674,-0.089847156,-0.010013441,-0.018799909,0.053064643,0.23000696,-0.160633541,-0.009628778,0.041506407,-0.025986804
74,-0.204153757,0.291428315,0.007730574,-0.062824668,-0.099891024,-0.038017355,0.278118876,-0.006937494,-0.033620521,-0.070621094,-0.118340231,-0.127435682,-0.074147474,0.069518096,-0.155409868,0.146817639,-0.048231175,-0.061477723,0.077307532,0.283333943,-0.01982421,0.039035937,0.08731411,0.106343299,0.074011739,0.090554563,-0.03440909,0.163022758,-0.03322617,-0.056282595,-0.081375862,-0.086580873,-0.018923361,0.047271684,0.023629716
75,-0.125806831,-0.041264839,0.014947628,-0.064862515,1.142371456,-0.104785909,-0.145840228,-0.136955398,0.04504334,0.08679045,-0.223433863,-0.123343832,-0.160967697,-0.017030393,0.271427789,0.027596128,-0.073969945,-0.050883986,0.050457819,-0.18133201,-0.019859651,-0.032716251,-0.071317962,0.011484321,0.004709744,-0.01313632,-0.135064841,-0.019923673,0.009008113,-0.079307769,-0.053880347,0.014807366,-0.098642569,-0.064989511,-0.033022002
76,-0.082912171,-0.050977855,0.049897813,-0.015026538,-0.01452885,0.008164077,-0.091061228,-0.072904827,-0.054441484,0.005466227,-0.111758234,0.449576654,-0.09066214,-0.098808049,0.814895303,0.03020925,-0.152083117,-0.058888604,0.057046661,-0.115399916,-0.025388378,-0.043002483,-0.089155696,-0.051074615,-0.035486187,-0.066866886,-0.029486376,-0.077008647,0.028124566,-0.052650438,-0.034064959,0.096779467,0.157805012,-0.048610616,-0.002617035
77,-0.090553816,0.040415057,0.005662967,0.016423119,0.015287285,0.095002828,-0.0462041,-0.050057759,-0.001709307,-0.071122717,0.15316878,0.183739577,0.068528155,0.042044231,-0.12447798,0.029244927,0.01567016,-0.004546099,-0.037927847,-0.009619853,0.077573705,0.022146653,-0.009032459,0.025858253,0.106873114,0.049253317,-0.093507025,0.151934987,-0.045856058,-0.099603482,-0.056586533,0.24635289,-0.052727065,0.056707083,0.070890142
78,0.026011102,0.077170701,0.016274624,-0.076345482,-0.107852005,-0.005099534,0.045242422,-0.051473754,-0.009525983,0.161684939,-0.002112399,0.242007754,-0.032277463,-0.099027217,-0.010387986,-0.172874377,0.110723097,-0.120042304,0.025188387,-0.03939066,-0.048385381,-0.120457996,-0.118182111,-0.041696832,-0.02545211,-0.090475618,0.241419047,-0.063274484,0.002069324,0.073333689,0.159060551,0.049082614,0.137462663,-0.050095854,-0.025174289
79,-0.018766163,0.154982778,-0.036315381,0.081409349,-0.007885444,0.00606054,-0.011011496,-0.073867285,-0.088608024,-0.0095149,-0.096950571,-0.117667023,-0.064300487,-0.055069146,-0.082186396,0.347619884,-0.105087698,0.138782993,0.074321821,-0.077996331,0.066544407,-0.074607569,-0.029230716,0.059908243,0.001281506,0.20567325,-0.046072918,0.208334443,0.107777587,-0.10711149,-0.101163782,0.297881842,-0.072583573,-0.004348178,-0.072264474
80,0.256990245,-0.070571193,0.062187108,0.037257639,-0.02569241,0.023947393,0.011705413,0.017582095,-0.057288139,-0.095367898,-0.010317512,0.163587433,-0.127685083,-0.030362164,0.106996862,-0.06696899,0.058753465,0.021279315,-0.053576203,-0.030686826,0.037732732,0.005718258,0.024272184,-0.043899569,-0.041157747,-0.114084589,-0.048342313,-0.095578884,0.021949613,-0.104732633,0.047582651,-0.075859787,0.103084319,-0.085146466,-0.017904191
81,0.018742408,0.058007711,-0.04846596,-0.051813618,0.071208797,0.017827323,-0.017873918,-0.013368219,-0.009595342,-0.010216395,0.083803307,-0.068335628,0.635044062,0.049429605,-0.064431506,-0.040774984,-0.065031789,0.006419576,0.004941591,-0.001822319,0.053599825,0.024248614,0.067376667,0.044158285,0.047446542,-0.00446911,-0.081978239,0.021336985,0.001706818,-0.031845683,-0.070517564,-0.056351404,0.026722437,0.099183158,0.014005528
82,-0.11172933,-0.013607861,0.074920359,-0.156891266,-0.012462983,-0.006879888,0.132653033,0.04381565,0.112388238,-0.057132,-0.128440116,0.375847633,-0.26749938,-0.018397412,-0.013095184,-0.120894695,0.171575937,-0.151338537,0.065927967,0.152154044,-0.050373711,0.133072862,0.079631701,0.079397494,0.124035043,-0.124797778,-0.079562198,-0.161841235,-0.058874063,0.208272487,0.105926601,-0.045358927,-0.049312283,0.031036722,0.003884038
83,-0.103323864,0.229733278,0.07738239,-0.084806107,-0.131280221,-0.081092745,0.078128661,0.04698232,-0.09063957,-0.127588982,-0.091393625,0.065255957,-0.098043008,0.099640558,-0.213677304,0.197621873,0.021519786,0.013375732,0.043499409,0.2791073,0.04716729,0.812017264,0.129155889,0.14387184,0.069789091,0.041848806,-0.201116909,0.056528522,-0.013963465,-0.148760604,-0.077761583,-0.070273918,-0.031669736,0.050890122,-0.009734362
84,0.041975247,0.009993731,-0.095864382,0.113839529,-0.111439792,0.042887156,-0.058617543,-0.032543197,-0.135096602,-0.071777879,-0.06602447,-0.084273491,-0.069244249,0.024404341,-0.255850651,0.139679769,-0.022718606,0.082282041,0.062132349,-0.002027825,0.142508789,-0.045369182,-0.018367392,0.015401337,0.045914474,0.421581374,-0.086941989,0.146038785,0.031745728,-0.108589504,0.055363779,-0.055040778,-0.014562899,0.037942453,-0.002279747
85,-0.068521589,-0.148305758,-0.024221177,-0.018037096,-0.001674328,0.172101421,-0.060288121,0.042076676,-0.005424191,0.014644516,0.049650599,-0.057321826,-0.036758349,-0.004113965,0.053609991,-0.118958692,0.008235198,-0.070120546,-0.035660525,-0.093422222,0.009968038,-0.073301132,0.074120719,0.023878745,-0.036893086,-0.130814402,0.268851426,-0.123395417,0.027122783,0.126668365,-0.055611658,0.081431724,-0.054453086,-0.029831212,-0.010396201
86,-0.056427725,-0.145425505,-0.056537261,-0.072939204,0.023465631,0.002787665,-0.056300465,-0.033008931,-0.003428093,0.044346561,0.078772881,0.305093434,0.032848874,-0.023545395,-0.06562274,-0.131093231,-0.10260437,-0.047582532,-0.030854707,-0.088152301,-0.062605872,-0.100189162,-0.052777046,-0.102186663,-0.079457753,-0.068008719,0.022378045,-0.101901147,-0.004270514,0.702578723,-0.072631616,0.109153892,0.016238631,-0.034048883,0.12497696
87,-0.095124188,-0.008236024,0.018345572,-0.12279146,-0.175458212,-0.019906849,-0.015260403,-0.040729149,-0.085810281,-0.065168645,0.05613145,-0.086875173,-0.031177844,0.026301356,0.053082746,-0.006995686,0.129760352,-0.124014607,0.05805287,0.012973706,-0.013021868,0.188010474,0.011170765,0.098789617,-0.078203612,0.10736595,-0.03003899,0.06184342,0.169038456,-0.050404514,0.107514824,-0.159045323,-0.024099329,0.102743352,-0.036503861
88,-0.051747993,-0.091447037,0.219056528,-0.120830936,-0.095677998,-0.050605009,-0.0167651,-0.007992174,0.274587568,-0.050713504,0.004988204,0.57737414,-0.370912744,-0.095599125,0.308334931,-0.110696298,0.019207626,-0.14777987,-0.087809034,-0.058122331,-0.123685635,0.030739161,-0.027769659,-0.003104921,-0.118000663,-0.085029676,-0.106115984,-0.134604367,0.182176425,0.040020043,0.061188509,0.053012914,-0.017251653,-0.041778063,0.006110522
89,-0.037981459,-0.149367843,0.009852168,-0.054890874,-0.027429072,-0.063630768,-0.008998051,-0.104728935,0.132656758,0.028167059,-0.11204093,0.045929804,0.026318361,-0.050654844,-0.015741482,0.099498593,-0.089592318,-0.040563075,0.018347782,-0.017753899,-0.088562528,-0.064590932,-0.114285907,-0.02972105,0.215172561,0.125337012,0.054241136,-0.02427934,-0.028218109,0.048051015,-0.021596565,0.04348038,0.349244319,-0.018926543,-0.053354353
90,-0.080460152,0.086290418,-0.069778508,-0.088800837,-0.091998062,-0.015060361,0.036717323,-0.048972724,-0.201647067,-0.061329998,-0.025325854,0.186292995,-0.114664135,0.19672673,-0.191004995,0.0450215,-0.084626479,-0.02283102,0.172064698,0.116466976,0.061082479,0.09327501,0.145845727,0.007550699,0.243744219,-0.045420111,0.200149801,0.026982016,-0.068109108,0.02861415,-0.143665979,-0.091325621,0.007290849,0.239718081,0.110810683
91,0.106851401,-0.057076902,-0.048397976,0.121314749,-0.002727954,0.042621664,-0.049123897,-0.008916406,-0.004824498,0.149859163,-0.022787188,-0.052523555,-0.191242194,-0.090384366,0.070856275,-0.107257091,0.191153663,0.003773621,-0.060922179,-0.042314688,0.100626995,-0.118562035,-0.055948021,0.10034636,-0.120110895,-0.063724821,0.029869965,-0.106017716,0.046339993,-0.049860254,-0.010365716,-0.057132863,0.070067788,-0.127187602,-0.029249591
92,-0.087761055,0.220304294,-0.075755746,-0.040611206,-0.192475896,0.031722545,0.051825164,-0.050976479,-0.100569011,-0.046975201,-0.057901381,-0.141082377,0.219775444,0.045364606,-0.241735183,0.282913534,0.056192561,0.02649223,0.102275277,0.096127885,0.060338518,0.058568257,0.037526439,0.093670968,0.219238743,0.27098561,-0.038512036,0.226533169,0.003815355,-0.191881145,-0.059464286,0.000868934,0.02733608,0.005611448,0.06289572
93,-0.128155686,0.200108995,-0.091210885,0.064568815,0.083623581,-0.002690677,-0.07498854,-0.013277269,-0.02690129,-0.098289391,0.176748338,-0.157989572,0.123567444,-0.026740137,-0.264867093,0.22295401,-0.048846562,0.144213077,0.019160653,-0.039818624,0.192871045,-0.11585271,-0.032611408,0.253814307,-0.067825507,0.074978158,-0.105891944,0.09166666,0.226790261,-0.084478423,-0.115015925,0.523966556,-0.046326396,0.048949844,-0.103613146
94,-0.044914669,-0.145042492,0.106342774,-0.122560385,-0.071258503,-0.030167389,0.005097311,0.037309213,-0.01342896,0.039326223,-0.075281405,0.164902231,-0.249297333,-0.138843472,0.822616665,-0.124654804,-0.004593668,-0.137342488,-0.016147907,-0.077202617,-0.068501499,-0.031687348,0.023678338,-0.051185832,-0.062269996,-0.096792649,-0.01880272,-0.094350266,0.047509096,0.018149577,0.124624895,0.002674384,0.008269163,-0.096436954,-0.111142137
95,-0.046274679,0.067743607,-0.032103097,0.24694748,0.003052718,0.006524911,-0.011284436,-0.065791026,-0.075393692,-0.055389607,0.110310766,-0.007839989,-0.260769508,-0.015330186,-0.118962175,0.0984287,0.001842287,0.126972382,-0.03958154,-0.022947029,0.105100341,-0.05496708,-0.042807197,-0.030497245,0.069445038,0.00435708,0.021451106,-0.055855232,-0.055164198,-0.10915447,-0.056589505,-0.116840024,0.176385541,0.025961805,-0.037061472
96,0.036653824,-0.155662861,-0.034188595,-0.022433938,-0.020714435,-0.044667869,-0.122836866,-0.069800742,0.207383184,0.173762149,0.285324966,-0.111814719,0.007875712,-0.003147453,-0.061030069,-0.007201822,-0.06344073,0.004996089,0.097184576,-0.165388726,-0.031779083,-0.069521994,-0.122485099,-0.121428363,-0.04255936,0.13169851,0.041804835,0.00323573,-0.067280504,-0.055617486,-0.000335895,0.048438928,-0.050584642,0.007019846,-0.006851591
97,-0.11571679,0.201122431,-0.031815642,-0.025938496,-0.177099631,-0.10665654,0.155788054,-0.024483327,-0.145768537,0.180862071,-0.012682198,-0.120919733,-0.265317381,0.032275539,-0.191898885,0.074184127,0.040506998,0.027550368,0.423744316,0.269826811,-0.014689582,0.271450325,0.015682973,-0.016795134,0.16968332,0.049315037,-0.099318007,0.061778028,-0.088658562,-0.153544048,0.026450481,-0.146144702,-0.013681068,0.130755069,-0.013920893
98,-0.061631102,-0.021468353,-0.054556711,0.549511866,-0.104847142,0.097552941,-0.041700055,-0.022104666,0.006395363,0.098445454,-0.154302329,-0.083907632,-0.041911435,-0.118292106,-0.077760327,0.095850491,-0.0634798,0.537705318,0.136912991,-0.121670239,0.021772636,-0.115663715,-0.087993473,-0.073478016,-0.189353877,0.116132378,-0.063950415,0.166759264,-0.093883523,-0.066918598,-0.029837067,-0.162082913,0.018196511,-0.132173592,-0.155052987
99,-0.019440989,0.140139141,-0.070011881,0.001034687,0.038505701,0.034311172,0.092084162,0.015409024,0.004404059,0.07059168,0.08489111,-0.198159207,0.54965052,-0.034685838,-0.171140696,0.086072737,0.203898673,0.049723849,0.031761854,0.031219229,0.113010156,-0.020407544,-0.014661571,-0.038722595,-0.029225561,-0.014708961,-0.132763783,0.073909146,-0.054403853,-0.070792105,0.066686925,-0.03064033,-0.06737535,-0.025330488,-0.08152179
100,-0.017543372,-0.120717239,-0.0528788,-0.04784744,1.125799849,-0.071969386,-0.086002205,-0.03749595,-0.131478936,-0.081970505,-0.061615796,-0.080839666,-0.162499242,0.055260237,-0.116634744,0.008661899,-0.052705661,-0.000928954,-0.003485572,-0.009924897,-0.051342311,-0.073793334,0.032012413,-0.042406969,0.049952406,0.029395848,-0.1404659,0.027929501,-0.105760782,-0.009713879,-0.091367547,-0.114064528,-0.082324708,0.000849092,0.043711128
101,-0.150741374,-0.054435541,0.018341433,0.07435778,-0.170247059,-0.023536031,-0.0794954,-0.064135231,-0.029604568,-0.068858814,-0.039966549,0.079508176,0.029970661,-0.021083123,0.092486277,0.274281141,-0.145034786,0.147537614,-0.06944186,-0.06897151,-0.068032115,-0.023287408,-0.06258793,-0.017222022,-0.048271706,0.248597182,0.064076324,0.136120795,-0.050141119,-0.113955302,-0.117768018,0.319242356,0.09063075,-0.044179851,0.150299488
102,0.022596424,0.100991734,-0.067201894,-0.125041365,-0.1392903,-0.066749558,0.064634306,-0.088513608,-0.157507762,-0.049366587,0.01097577,0.070159066,0.443767816,0.146413003,-0.134301941,0.014464512,0.270078099,-0.05811861,0.077975033,0.181811825,0.026433033,-0.000175075,0.058021097,0.038854483,0.073012594,-0.069817465,-0.130764488,0.012665082,0.04283676,-0.028777086,0.205009309,0.348475806,-0.082960322,0.061552321,0.082216071
103,-0.063281924,-0.030514899,-0.039793722,-0.075013044,0.018767069,-0.040870425,-0.08270286,-0.077955219,-0.021683553,0.049127756,0.018906256,-0.112724811,-0.006055743,0.198120388,-0.076763421,-0.056436022,0.066117025,-0.058793524,0.096044303,-0.025940374,0.006142898,-0.010874337,0.093597964,0.050163037,0.084669343,-0.043086309,-0.057100668,0.062170721,-0.043248841,-0.012676913,-0.036020041,-0.117789497,0.035109823,0.219154814,0.09603113
104,0.003580846,-0.211466405,-0.050415068,-0.061971509,0.104924361,-0.005059923,-0.07424191,0.000441039,0.051703834,0.052000854,-0.01909604,-0.061185234,-0.191868017,-0.153880411,0.130045763,-0.214453053,-0.119450215,-0.160133025,-0.155693203,-0.132774216,-0.080756364,-0.197905266,-0.137811466,-0.137425901,-0.158987168,-0.141536388,1.335761772,-0.149987815,-0.035910184,0.02074918,0.00150316,-0.010727647,-0.039871258,-0.14206689,-0.042647964
105,-0.039942005,-0.094666721,-0.013514631,-0.047123694,0.588204049,-0.038613124,-0.05916164,-0.068672699,-0.013944902,-0.015915861,-0.017317588,-0.122522,-0.258374139,0.051937063,-0.063308211,-0.085586242,-0.027252723,-0.019339515,0.098872342,-0.05655345,0.181045069,0.035526846,0.042451338,0.11350369,-0.006112767,-0.060732469,-0.08227547,-0.023584292,0.045665904,-0.048554019,-0.008550098,-0.203898512,-0.090549771,0.068535947,-0.01965486
106,0.061345473,-0.005652732,-0.062771455,-0.165244991,-0.142624069,0.060620275,-0.026243626,-0.104703279,0.065783063,0.019174031,-0.065600342,-0.07271257,-0.011751278,0.183761222,0.008044788,-0.007379132,0.128786242,-0.075809855,0.146804931,0.085092079,0.1267003,0.050820658,0.086479023,0.090488577,0.023392221,0.015153082,-0.089707385,0.065676708,-0.034288088,-0.100395025,-0.000793442,-0.184674372,-0.072037076,0.170582418,0.006459809
107,0.393853913,0.112081341,0.014118499,0.050850452,0.006737399,-0.043678251,-0.078539355,0.06579326,-0.075151033,-0.044713618,0.024297841,-0.044469733,-0.006125896,-0.051613058,-0.110366496,-0.000197157,-0.09346402,0.025881722,-0.065588456,-0.12922676,-0.046078199,-0.056266938,-0.078521234,0.006939783,-0.046201947,-0.052504865,0.193361304,0.092317577,0.038806289,-0.116665405,-0.027848367,-0.119969663,0.128465904,-0.002807897,-0.08868745
108,-0.030589479,0.158314804,-0.013062443,-0.049566763,-0.011761229,-0.018128191,0.03150251,0.030165324,0.004117436,-0.038592254,-0.001968313,-0.138609892,0.165188912,0.084230707,-0.180506956,0.113765384,0.034224249,0.015764255,-0.010780744,0.10258675,0.015935124,-0.001865601,0.093192421,-0.090676482,-0.000293246,0.05009767,-0.14231744,0.224540453,-0.102739243,-0.037955258,-0.03367359,0.086178222,0.016773174,0.072371774,-0.020186103
109,-0.07300863,-0.062047058,-0.009503026,8.08E-05,-0.094239824,0.189341132,-0.056314797,-0.082366699,-0.073866405,-0.029465376,-0.005383936,0.585605453,-0.055746921,-0.013187707,-0.046252615,-0.003041567,-0.029017983,-0.01001734,-0.005340036,-0.064512943,0.121567369,-0.104374696,0.026404636,0.017920842,-0.030148059,0.051034018,0.344584273,-0.044306366,0.025157962,0.0201403,-0.022506983,0.010747735,-0.048427581,-0.022564352,0.004289973
110,-0.106772387,0.047435306,0.032129407,-0.039356522,0.007063861,0.046798294,-0.004562449,0.094400829,0.069955545,-0.072118138,-0.00736015,-0.091062716,0.017009631,-0.037549467,-0.035003505,0.050721986,-0.016342942,-0.060869924,-0.086589209,-0.026709456,0.124921016,0.09407182,0.018182597,-0.018814499,0.052673376,0.004382984,-0.020012815,0.067873175,-0.035279488,0.071118433,-0.056321969,-0.130014955,0.028657293,0.005123051,0.016182833
111,-0.102191804,0.009691813,0.043265003,0.449226516,-0.078180531,0.048462283,-0.036021986,-0.091356997,-0.091986615,0.040976749,-0.136138747,-0.041193365,-0.136405423,-0.123358588,0.231932404,-0.016168215,-0.095693319,0.376377817,-0.118869234,-0.120533653,-0.010422107,-0.108139411,-0.11373449,-0.138896031,-0.129510377,0.004998944,0.011653045,-0.004298394,-0.057638667,0.122110409,-0.04056984,0.504068318,0.017475367,-0.158370099,-0.060802869
112,0.588919103,-0.015646053,0.01832807,0.284933886,0.073351073,0.05267281,-0.096644559,-0.071684541,0.055932395,-0.04765382,-0.035173604,-0.006076559,0.153555969,-0.11268807,-0.060181428,-0.079584742,-0.025832848,0.107472953,-0.124444796,-0.176080092,-0.019408134,-0.028907424,-0.121641788,-0.075286394,-0.132415021,-0.076274129,0.012333045,-0.099178965,-0.043743602,-0.014737201,0.078440709,-0.11802721,-0.012138886,-0.107961233,-0.089861628
113,-0.074607497,0.01822747,0.083945737,-0.082956516,-0.160227738,0.018371537,-0.011761977,-0.038657173,-0.010403578,0.096978084,0.052292085,0.196263238,-0.317136768,-0.002279168,0.261031052,-0.153997993,0.047585972,-0.067791264,0.075052491,0.048785337,-0.012481675,0.123129541,0.075542762,0.076722019,-0.005720846,-0.161483368,-0.03185321,-0.125768114,0.082667835,0.080189711,0.029162191,-0.058983604,-0.023354362,-0.030879246,-0.047116823
114,-0.092566877,-0.074919044,-0.064205673,-0.041611843,-0.043804294,-0.02773106,0.047199113,-0.034348002,-0.017844259,-0.022352893,0.003580389,-0.096394191,-0.179020759,0.039899915,-0.038426409,0.016951229,0.001321957,-0.051055823,0.008432776,0.054766635,-0.019385743,-0.012872521,0.027132563,0.058912018,0.028307401,-0.028963355,0.073482428,0.015260271,0.0398916,0.085301002,0.007750242,-0.011660121,-0.021686277,0.078025632,0.026332697
